<?xml version="1.0" encoding="UTF-8" ?>
<parameters>
					<parameter name="randomSeed" displayName="Default Random Seed" type="int" 
						defaultValue="__NULL__"
						isReadOnly="false" 
						converter="repast.simphony.parameter.StringConverterFactory$IntConverter"
											/>
				<parameter name="temperature" displayName="temperature" type="double" 
						defaultValue="1.0" 
						isReadOnly="false" 
						converter="repast.simphony.parameter.StringConverterFactory$DoubleConverter"
											/>
				<parameter name="ORIGINAL_COUNT" displayName="ORIGINAL_COUNT" type="double" 
						defaultValue="5.0" 
						isReadOnly="false" 
						converter="repast.simphony.parameter.StringConverterFactory$DoubleConverter"
											/>
				<parameter name="FATALITY_RATE" displayName="FATALITY_RATE" type="double" 
						defaultValue="0.0594" 
						isReadOnly="false" 
						converter="repast.simphony.parameter.StringConverterFactory$DoubleConverter"
											/>
				<parameter name="VACCINATION_RATE" displayName="VACCINATION_RATE" type="double" 
						defaultValue="0.8" 
						isReadOnly="false" 
						converter="repast.simphony.parameter.StringConverterFactory$DoubleConverter"
											/>
				<parameter name="SAFETY_AWARENESS" displayName="SAFETY_AWARENESS" type="double" 
						defaultValue="0.5" 
						isReadOnly="false" 
						converter="repast.simphony.parameter.StringConverterFactory$DoubleConverter"
											/>
				<parameter name="WEAR_WASK_RATE" displayName="WEAR_WASK_RATE" type="double" 
						defaultValue="0.8" 
						isReadOnly="false" 
						converter="repast.simphony.parameter.StringConverterFactory$DoubleConverter"
											/>
				<parameter name="DIE_VARIANCE" displayName="DIE_VARIANCE" type="double" 
						defaultValue="1.0" 
						isReadOnly="false" 
						converter="repast.simphony.parameter.StringConverterFactory$DoubleConverter"
											/>
				<parameter name="CURE_VARIANCE" displayName="CURE_VARIANCE" type="double" 
						defaultValue="1.0" 
						isReadOnly="false" 
						converter="repast.simphony.parameter.StringConverterFactory$DoubleConverter"
											/>
				<parameter name="populationDensity" displayName="populationDensity" type="double" 
						defaultValue="100.0" 
						isReadOnly="false" 
						converter="repast.simphony.parameter.StringConverterFactory$DoubleConverter"
											/>
				<parameter name="populationDensity" displayName="populationDensity" type="double" 
						defaultValue="100.0" 
						isReadOnly="false" 
						converter="repast.simphony.parameter.StringConverterFactory$DoubleConverter"
											/>
				<parameter name="controlLevel" displayName="controlLevel" type="double" 
						defaultValue="1.0" 
						isReadOnly="false" 
						converter="repast.simphony.parameter.StringConverterFactory$DoubleConverter"
											/>
				<parameter name="BED_COUNT" displayName="BED_COUNT" type="double" 
						defaultValue="100.0" 
						isReadOnly="false" 
						converter="repast.simphony.parameter.StringConverterFactory$DoubleConverter"
											/>
				<parameter name="AgeStructureRate" displayName="AgeStructureRate" type="double" 
						defaultValue="0.0" 
						isReadOnly="false" 
						converter="repast.simphony.parameter.StringConverterFactory$DoubleConverter"
											/>
				<parameter name="infectionRateByAge" displayName="infectionRateByAge" type="double" 
						defaultValue="0.0" 
						isReadOnly="false" 
						converter="repast.simphony.parameter.StringConverterFactory$DoubleConverter"
											/>
				<parameter name="XDpopulationDensity" displayName="populationDensity" type="double" 
						defaultValue="100.0" 
						isReadOnly="false" 
						converter="repast.simphony.parameter.StringConverterFactory$DoubleConverter"
											/>
				<parameter name="XHLpopulationDensity" displayName="populationDensity" type="double" 
						defaultValue="100.0" 
						isReadOnly="false" 
						converter="repast.simphony.parameter.StringConverterFactory$DoubleConverter"
											/>
				<parameter name="YZpopulationDensity" displayName="populationDensity" type="double" 
						defaultValue="100.0" 
						isReadOnly="false" 
						converter="repast.simphony.parameter.StringConverterFactory$DoubleConverter"
											/>
				<parameter name="WBLpopulationDensity" displayName="populationDensity" type="double" 
						defaultValue="100.0" 
						isReadOnly="false" 
						converter="repast.simphony.parameter.StringConverterFactory$DoubleConverter"
											/>
				<parameter name="XDpopulationDensity" displayName="populationDensity" type="double" 
						defaultValue="100.0" 
						isReadOnly="false" 
						converter="repast.simphony.parameter.StringConverterFactory$DoubleConverter"
											/>
				<parameter name="ALLpopulationDensity" displayName="populationDensity" type="double" 
						defaultValue="100.0" 
						isReadOnly="false" 
						converter="repast.simphony.parameter.StringConverterFactory$DoubleConverter"
											/>
											
		</parameters>


