<repast.simphony.data2.engine.DataSetDescriptor>
  <name>NormalCount</name>
  <type>AGGREGATE</type>
  <inclTick>true</inclTick>
  <inclBatchRun>false</inclBatchRun>
  <inclRandomSeed>false</inclRandomSeed>
  <scheduleParams>
    <start>1.0</start>
    <interval>1.0</interval>
    <priority>-Infinity</priority>
    <pType>LAST</pType>
    <duration>-1.0</duration>
    <frequency>REPEAT</frequency>
    <hashCode>-33001519</hashCode>
  </scheduleParams>
  <atEnd>false</atEnd>
  <methodDataSources class="linked-hash-map"/>
  <countSources class="linked-hash-map"/>
  <customNADataSources class="linked-hash-map"/>
  <customAggDataSources class="linked-hash-map">
    <entry>
      <string>Age_0_4_HealthyPerson_Num</string>
      <repast.simphony.data2.engine.CustomDataSourceDefinition>
        <id>Age_0_4_HealthyPerson_Num</id>
        <dsClassName>age.data.source.healthyperson.Age_0_4_HealthyPerson_NumDataSource</dsClassName>
      </repast.simphony.data2.engine.CustomDataSourceDefinition>
    </entry>
    <entry>
      <string>Age_5_9_HealthyPerson_Num</string>
      <repast.simphony.data2.engine.CustomDataSourceDefinition>
        <id>Age_5_9_HealthyPerson_Num</id>
        <dsClassName>age.data.source.healthyperson.Age_5_9_HealthyPerson_NumDataSource</dsClassName>
      </repast.simphony.data2.engine.CustomDataSourceDefinition>
    </entry>
    <entry>
      <string>Age_10_14_HealthyPerson_Num</string>
      <repast.simphony.data2.engine.CustomDataSourceDefinition>
        <id>Age_10_14_HealthyPerson_Num</id>
        <dsClassName>age.data.source.healthyperson.Age_10_14_HealthyPerson_NumDataSource</dsClassName>
      </repast.simphony.data2.engine.CustomDataSourceDefinition>
    </entry>
    <entry>
      <string>Age_15_19_HealthyPerson_Num</string>
      <repast.simphony.data2.engine.CustomDataSourceDefinition>
        <id>Age_15_19_HealthyPerson_Num</id>
        <dsClassName>age.data.source.healthyperson.Age_15_19_HealthyPerson_NumDataSource</dsClassName>
      </repast.simphony.data2.engine.CustomDataSourceDefinition>
    </entry>
    <entry>
      <string>Age_20_24_HealthyPerson_Num</string>
      <repast.simphony.data2.engine.CustomDataSourceDefinition>
        <id>Age_20_24_HealthyPerson_Num</id>
        <dsClassName>age.data.source.healthyperson.Age_20_24_HealthyPerson_NumDataSource</dsClassName>
      </repast.simphony.data2.engine.CustomDataSourceDefinition>
    </entry>
    <entry>
      <string>Age_25_29_HealthyPerson_Num</string>
      <repast.simphony.data2.engine.CustomDataSourceDefinition>
        <id>Age_25_29_HealthyPerson_Num</id>
        <dsClassName>age.data.source.healthyperson.Age_25_29_HealthyPerson_NumDataSource</dsClassName>
      </repast.simphony.data2.engine.CustomDataSourceDefinition>
    </entry>
    <entry>
      <string>Age_30_34_HealthyPerson_Num</string>
      <repast.simphony.data2.engine.CustomDataSourceDefinition>
        <id>Age_30_34_HealthyPerson_Num</id>
        <dsClassName>age.data.source.healthyperson.Age_30_34_HealthyPerson_NumDataSource</dsClassName>
      </repast.simphony.data2.engine.CustomDataSourceDefinition>
    </entry>
    <entry>
      <string>Age_35_39_HealthyPerson_Num</string>
      <repast.simphony.data2.engine.CustomDataSourceDefinition>
        <id>Age_35_39_HealthyPerson_Num</id>
        <dsClassName>age.data.source.healthyperson.Age_35_39_HealthyPerson_NumDataSource</dsClassName>
      </repast.simphony.data2.engine.CustomDataSourceDefinition>
    </entry>
    <entry>
      <string>Age_40_44_HealthyPerson_Num</string>
      <repast.simphony.data2.engine.CustomDataSourceDefinition>
        <id>Age_40_44_HealthyPerson_Num</id>
        <dsClassName>age.data.source.healthyperson.Age_40_44_HealthyPerson_NumDataSource</dsClassName>
      </repast.simphony.data2.engine.CustomDataSourceDefinition>
    </entry>
    <entry>
      <string>Age_45_49_HealthyPerson_Num</string>
      <repast.simphony.data2.engine.CustomDataSourceDefinition>
        <id>Age_45_49_HealthyPerson_Num</id>
        <dsClassName>age.data.source.healthyperson.Age_45_49_HealthyPerson_NumDataSource</dsClassName>
      </repast.simphony.data2.engine.CustomDataSourceDefinition>
    </entry>
    <entry>
      <string>Age_50_54_HealthyPerson_Num</string>
      <repast.simphony.data2.engine.CustomDataSourceDefinition>
        <id>Age_50_54_HealthyPerson_Num</id>
        <dsClassName>age.data.source.healthyperson.Age_50_54_HealthyPerson_NumDataSource</dsClassName>
      </repast.simphony.data2.engine.CustomDataSourceDefinition>
    </entry>
    <entry>
      <string>Age_55_59_HealthyPerson_Num</string>
      <repast.simphony.data2.engine.CustomDataSourceDefinition>
        <id>Age_55_59_HealthyPerson_Num</id>
        <dsClassName>age.data.source.healthyperson.Age_55_59_HealthyPerson_NumDataSource</dsClassName>
      </repast.simphony.data2.engine.CustomDataSourceDefinition>
    </entry>
    <entry>
      <string>Age_60_64_HealthyPerson_Num</string>
      <repast.simphony.data2.engine.CustomDataSourceDefinition>
        <id>Age_60_64_HealthyPerson_Num</id>
        <dsClassName>age.data.source.healthyperson.Age_60_64_HealthyPerson_NumDataSource</dsClassName>
      </repast.simphony.data2.engine.CustomDataSourceDefinition>
    </entry>
    <entry>
      <string>Age_65_69_HealthyPerson_Num</string>
      <repast.simphony.data2.engine.CustomDataSourceDefinition>
        <id>Age_65_69_HealthyPerson_Num</id>
        <dsClassName>age.data.source.healthyperson.Age_65_69_HealthyPerson_NumDataSource</dsClassName>
      </repast.simphony.data2.engine.CustomDataSourceDefinition>
    </entry>
    <entry>
      <string>Age_70_74_HealthyPerson_Num</string>
      <repast.simphony.data2.engine.CustomDataSourceDefinition>
        <id>Age_70_74_HealthyPerson_Num</id>
        <dsClassName>age.data.source.healthyperson.Age_70_74_HealthyPerson_NumDataSource</dsClassName>
      </repast.simphony.data2.engine.CustomDataSourceDefinition>
    </entry>
    <entry>
      <string>Age_75_79_HealthyPerson_Num</string>
      <repast.simphony.data2.engine.CustomDataSourceDefinition>
        <id>Age_75_79_HealthyPerson_Num</id>
        <dsClassName>age.data.source.healthyperson.Age_75_79_HealthyPerson_NumDataSource</dsClassName>
      </repast.simphony.data2.engine.CustomDataSourceDefinition>
    </entry>
    <entry>
      <string>Age_80_84_HealthyPerson_Num</string>
      <repast.simphony.data2.engine.CustomDataSourceDefinition>
        <id>Age_80_84_HealthyPerson_Num</id>
        <dsClassName>age.data.source.healthyperson.Age_80_84_HealthyPerson_NumDataSource</dsClassName>
      </repast.simphony.data2.engine.CustomDataSourceDefinition>
    </entry>
    <entry>
      <string>Age_85_89_HealthyPerson_Num</string>
      <repast.simphony.data2.engine.CustomDataSourceDefinition>
        <id>Age_85_89_HealthyPerson_Num</id>
        <dsClassName>age.data.source.healthyperson.Age_85_89_HealthyPerson_NumDataSource</dsClassName>
      </repast.simphony.data2.engine.CustomDataSourceDefinition>
    </entry>
    <entry>
      <string>Age_90_94_HealthyPerson_Num</string>
      <repast.simphony.data2.engine.CustomDataSourceDefinition>
        <id>Age_90_94_HealthyPerson_Num</id>
        <dsClassName>age.data.source.healthyperson.Age_90_94_HealthyPerson_NumDataSource</dsClassName>
      </repast.simphony.data2.engine.CustomDataSourceDefinition>
    </entry>
    <entry>
      <string>Age_95_100_HealthyPerson_Num</string>
      <repast.simphony.data2.engine.CustomDataSourceDefinition>
        <id>Age_95_100_HealthyPerson_Num</id>
        <dsClassName>age.data.source.healthyperson.Age_95_100_HealthyPerson_NumDataSource</dsClassName>
      </repast.simphony.data2.engine.CustomDataSourceDefinition>
    </entry>
  </customAggDataSources>
</repast.simphony.data2.engine.DataSetDescriptor>