<repast.simphony.data2.engine.DataSetDescriptor>
  <name>Temperature</name>
  <type>AGGREGATE</type>
  <inclTick>true</inclTick>
  <inclBatchRun>false</inclBatchRun>
  <inclRandomSeed>false</inclRandomSeed>
  <scheduleParams>
    <start>1.0</start>
    <interval>1.0</interval>
    <priority>-Infinity</priority>
    <pType>LAST</pType>
    <duration>-1.0</duration>
    <frequency>REPEAT</frequency>
    <hashCode>-1296088366</hashCode>
  </scheduleParams>
  <atEnd>false</atEnd>
  <methodDataSources class="linked-hash-map"/>
  <countSources class="linked-hash-map"/>
  <customNADataSources class="linked-hash-map"/>
  <customAggDataSources class="linked-hash-map">
    <entry>
      <string>JanuaryNum</string>
      <repast.simphony.data2.engine.CustomDataSourceDefinition>
        <id>JanuaryNum</id>
        <dsClassName>temper.data.source.JanuaryNumDataSource</dsClassName>
      </repast.simphony.data2.engine.CustomDataSourceDefinition>
    </entry>
    <entry>
      <string>FebruaryNum</string>
      <repast.simphony.data2.engine.CustomDataSourceDefinition>
        <id>FebruaryNum</id>
        <dsClassName>temper.data.source.FebruaryNumDataSource</dsClassName>
      </repast.simphony.data2.engine.CustomDataSourceDefinition>
    </entry>
    <entry>
      <string>MarchNum</string>
      <repast.simphony.data2.engine.CustomDataSourceDefinition>
        <id>MarchNum</id>
        <dsClassName>temper.data.source.MarchNumDataSource</dsClassName>
      </repast.simphony.data2.engine.CustomDataSourceDefinition>
    </entry>
    <entry>
      <string>AprilNum</string>
      <repast.simphony.data2.engine.CustomDataSourceDefinition>
        <id>AprilNum</id>
        <dsClassName>temper.data.source.AprilNumDataSource</dsClassName>
      </repast.simphony.data2.engine.CustomDataSourceDefinition>
    </entry>
    <entry>
      <string>MayNum</string>
      <repast.simphony.data2.engine.CustomDataSourceDefinition>
        <id>MayNum</id>
        <dsClassName>temper.data.source.MayNumDataSource</dsClassName>
      </repast.simphony.data2.engine.CustomDataSourceDefinition>
    </entry>
    <entry>
      <string>JuneNum</string>
      <repast.simphony.data2.engine.CustomDataSourceDefinition>
        <id>JuneNum</id>
        <dsClassName>temper.data.source.JuneNumDataSource</dsClassName>
      </repast.simphony.data2.engine.CustomDataSourceDefinition>
    </entry>
    <entry>
      <string>JulyNum</string>
      <repast.simphony.data2.engine.CustomDataSourceDefinition>
        <id>JulyNum</id>
        <dsClassName>temper.data.source.JulyNumDataSource</dsClassName>
      </repast.simphony.data2.engine.CustomDataSourceDefinition>
    </entry>
    <entry>
      <string>AugustNum</string>
      <repast.simphony.data2.engine.CustomDataSourceDefinition>
        <id>AugustNum</id>
        <dsClassName>temper.data.source.AugustNumDataSource</dsClassName>
      </repast.simphony.data2.engine.CustomDataSourceDefinition>
    </entry>
    <entry>
      <string>SeptemberNum</string>
      <repast.simphony.data2.engine.CustomDataSourceDefinition>
        <id>SeptemberNum</id>
        <dsClassName>temper.data.source.SeptemberNumDataSource</dsClassName>
      </repast.simphony.data2.engine.CustomDataSourceDefinition>
    </entry>
    <entry>
      <string>OctoberNum</string>
      <repast.simphony.data2.engine.CustomDataSourceDefinition>
        <id>OctoberNum</id>
        <dsClassName>temper.data.source.OctoberNumDataSource</dsClassName>
      </repast.simphony.data2.engine.CustomDataSourceDefinition>
    </entry>
    <entry>
      <string>NovemberNum</string>
      <repast.simphony.data2.engine.CustomDataSourceDefinition>
        <id>NovemberNum</id>
        <dsClassName>temper.data.source.NovemberNumDataSource</dsClassName>
      </repast.simphony.data2.engine.CustomDataSourceDefinition>
    </entry>
    <entry>
      <string>DecemberNum</string>
      <repast.simphony.data2.engine.CustomDataSourceDefinition>
        <id>DecemberNum</id>
        <dsClassName>temper.data.source.DecemberNumDataSource</dsClassName>
      </repast.simphony.data2.engine.CustomDataSourceDefinition>
    </entry>
  </customAggDataSources>
</repast.simphony.data2.engine.DataSetDescriptor>