<repast.simphony.data2.engine.DataSetDescriptor>
  <name>ContactCount</name>
  <type>AGGREGATE</type>
  <inclTick>true</inclTick>
  <inclBatchRun>false</inclBatchRun>
  <inclRandomSeed>false</inclRandomSeed>
  <scheduleParams>
    <start>1.0</start>
    <interval>1.0</interval>
    <priority>-Infinity</priority>
    <pType>LAST</pType>
    <duration>-1.0</duration>
    <frequency>REPEAT</frequency>
    <hashCode>-33001519</hashCode>
  </scheduleParams>
  <atEnd>false</atEnd>
  <methodDataSources class="linked-hash-map"/>
  <countSources class="linked-hash-map"/>
  <customNADataSources class="linked-hash-map"/>
  <customAggDataSources class="linked-hash-map">
    <entry>
      <string>Age_0_4_CloseContact_Num</string>
      <repast.simphony.data2.engine.CustomDataSourceDefinition>
        <id>Age_0_4_CloseContact_Num</id>
        <dsClassName>age.data.source.closecontact.Age_0_4_CloseContact_NumDataSource</dsClassName>
      </repast.simphony.data2.engine.CustomDataSourceDefinition>
    </entry>
    <entry>
      <string>Age_5_9_CloseContact_Num</string>
      <repast.simphony.data2.engine.CustomDataSourceDefinition>
        <id>Age_5_9_CloseContact_Num</id>
        <dsClassName>age.data.source.closecontact.Age_5_9_CloseContact_NumDataSource</dsClassName>
      </repast.simphony.data2.engine.CustomDataSourceDefinition>
    </entry>
    <entry>
      <string>Age_10_14_CloseContact_Num</string>
      <repast.simphony.data2.engine.CustomDataSourceDefinition>
        <id>Age_10_14_CloseContact_Num</id>
        <dsClassName>age.data.source.closecontact.Age_10_14_CloseContact_NumDataSource</dsClassName>
      </repast.simphony.data2.engine.CustomDataSourceDefinition>
    </entry>
    <entry>
      <string>Age_15_19_CloseContact_Num</string>
      <repast.simphony.data2.engine.CustomDataSourceDefinition>
        <id>Age_15_19_CloseContact_Num</id>
        <dsClassName>age.data.source.closecontact.Age_15_19_CloseContact_NumDataSource</dsClassName>
      </repast.simphony.data2.engine.CustomDataSourceDefinition>
    </entry>
    <entry>
      <string>Age_20_24_CloseContact_Num</string>
      <repast.simphony.data2.engine.CustomDataSourceDefinition>
        <id>Age_20_24_CloseContact_Num</id>
        <dsClassName>age.data.source.closecontact.Age_20_24_CloseContact_NumDataSource</dsClassName>
      </repast.simphony.data2.engine.CustomDataSourceDefinition>
    </entry>
    <entry>
      <string>Age_25_29_CloseContact_Num</string>
      <repast.simphony.data2.engine.CustomDataSourceDefinition>
        <id>Age_25_29_CloseContact_Num</id>
        <dsClassName>age.data.source.closecontact.Age_25_29_CloseContact_NumDataSource</dsClassName>
      </repast.simphony.data2.engine.CustomDataSourceDefinition>
    </entry>
    <entry>
      <string>Age_30_34_CloseContact_Num</string>
      <repast.simphony.data2.engine.CustomDataSourceDefinition>
        <id>Age_30_34_CloseContact_Num</id>
        <dsClassName>age.data.source.closecontact.Age_30_34_CloseContact_NumDataSource</dsClassName>
      </repast.simphony.data2.engine.CustomDataSourceDefinition>
    </entry>
    <entry>
      <string>Age_35_39_CloseContact_Num</string>
      <repast.simphony.data2.engine.CustomDataSourceDefinition>
        <id>Age_35_39_CloseContact_Num</id>
        <dsClassName>age.data.source.closecontact.Age_35_39_CloseContact_NumDataSource</dsClassName>
      </repast.simphony.data2.engine.CustomDataSourceDefinition>
    </entry>
    <entry>
      <string>Age_40_44_CloseContact_Num</string>
      <repast.simphony.data2.engine.CustomDataSourceDefinition>
        <id>Age_40_44_CloseContact_Num</id>
        <dsClassName>age.data.source.closecontact.Age_40_44_CloseContact_NumDataSource</dsClassName>
      </repast.simphony.data2.engine.CustomDataSourceDefinition>
    </entry>
    <entry>
      <string>Age_45_49_CloseContact_Num</string>
      <repast.simphony.data2.engine.CustomDataSourceDefinition>
        <id>Age_45_49_CloseContact_Num</id>
        <dsClassName>age.data.source.closecontact.Age_45_49_CloseContact_NumDataSource</dsClassName>
      </repast.simphony.data2.engine.CustomDataSourceDefinition>
    </entry>
    <entry>
      <string>Age_50_54_CloseContact_Num</string>
      <repast.simphony.data2.engine.CustomDataSourceDefinition>
        <id>Age_50_54_CloseContact_Num</id>
        <dsClassName>age.data.source.closecontact.Age_50_54_CloseContact_NumDataSource</dsClassName>
      </repast.simphony.data2.engine.CustomDataSourceDefinition>
    </entry>
    <entry>
      <string>Age_55_59_CloseContact_Num</string>
      <repast.simphony.data2.engine.CustomDataSourceDefinition>
        <id>Age_55_59_CloseContact_Num</id>
        <dsClassName>age.data.source.closecontact.Age_55_59_CloseContact_NumDataSource</dsClassName>
      </repast.simphony.data2.engine.CustomDataSourceDefinition>
    </entry>
    <entry>
      <string>Age_60_64_CloseContact_Num</string>
      <repast.simphony.data2.engine.CustomDataSourceDefinition>
        <id>Age_60_64_CloseContact_Num</id>
        <dsClassName>age.data.source.closecontact.Age_60_64_CloseContact_NumDataSource</dsClassName>
      </repast.simphony.data2.engine.CustomDataSourceDefinition>
    </entry>
    <entry>
      <string>Age_65_69_CloseContact_Num</string>
      <repast.simphony.data2.engine.CustomDataSourceDefinition>
        <id>Age_65_69_CloseContact_Num</id>
        <dsClassName>age.data.source.closecontact.Age_65_69_CloseContact_NumDataSource</dsClassName>
      </repast.simphony.data2.engine.CustomDataSourceDefinition>
    </entry>
    <entry>
      <string>Age_70_74_CloseContact_Num</string>
      <repast.simphony.data2.engine.CustomDataSourceDefinition>
        <id>Age_70_74_CloseContact_Num</id>
        <dsClassName>age.data.source.closecontact.Age_70_74_CloseContact_NumDataSource</dsClassName>
      </repast.simphony.data2.engine.CustomDataSourceDefinition>
    </entry>
    <entry>
      <string>Age_75_79_CloseContact_Num</string>
      <repast.simphony.data2.engine.CustomDataSourceDefinition>
        <id>Age_75_79_CloseContact_Num</id>
        <dsClassName>age.data.source.closecontact.Age_75_79_CloseContact_NumDataSource</dsClassName>
      </repast.simphony.data2.engine.CustomDataSourceDefinition>
    </entry>
    <entry>
      <string>Age_80_84_CloseContact_Num</string>
      <repast.simphony.data2.engine.CustomDataSourceDefinition>
        <id>Age_80_84_CloseContact_Num</id>
        <dsClassName>age.data.source.closecontact.Age_80_84_CloseContact_NumDataSource</dsClassName>
      </repast.simphony.data2.engine.CustomDataSourceDefinition>
    </entry>
    <entry>
      <string>Age_85_89_CloseContact_Num</string>
      <repast.simphony.data2.engine.CustomDataSourceDefinition>
        <id>Age_85_89_CloseContact_Num</id>
        <dsClassName>age.data.source.closecontact.Age_85_89_CloseContact_NumDataSource</dsClassName>
      </repast.simphony.data2.engine.CustomDataSourceDefinition>
    </entry>
    <entry>
      <string>Age_90_94_CloseContact_Num</string>
      <repast.simphony.data2.engine.CustomDataSourceDefinition>
        <id>Age_90_94_CloseContact_Num</id>
        <dsClassName>age.data.source.closecontact.Age_90_94_CloseContact_NumDataSource</dsClassName>
      </repast.simphony.data2.engine.CustomDataSourceDefinition>
    </entry>
    <entry>
      <string>Age_95_100_CloseContact_Num</string>
      <repast.simphony.data2.engine.CustomDataSourceDefinition>
        <id>Age_95_100_CloseContact_Num</id>
        <dsClassName>age.data.source.closecontact.Age_95_100_CloseContact_NumDataSource</dsClassName>
      </repast.simphony.data2.engine.CustomDataSourceDefinition>
    </entry>
  </customAggDataSources>
</repast.simphony.data2.engine.DataSetDescriptor>