<repast.simphony.data2.engine.DataSetDescriptor>
  <name>ShadowCount</name>
  <type>AGGREGATE</type>
  <inclTick>true</inclTick>
  <inclBatchRun>false</inclBatchRun>
  <inclRandomSeed>false</inclRandomSeed>
  <scheduleParams>
    <start>1.0</start>
    <interval>1.0</interval>
    <priority>-Infinity</priority>
    <pType>LAST</pType>
    <duration>-1.0</duration>
    <frequency>REPEAT</frequency>
    <hashCode>-33001519</hashCode>
  </scheduleParams>
  <atEnd>false</atEnd>
  <methodDataSources class="linked-hash-map"/>
  <countSources class="linked-hash-map"/>
  <customNADataSources class="linked-hash-map"/>
  <customAggDataSources class="linked-hash-map">
    <entry>
      <string>Age_0_4_LatentPatient_Num</string>
      <repast.simphony.data2.engine.CustomDataSourceDefinition>
        <id>Age_0_4_LatentPatient_Num</id>
        <dsClassName>age.data.source.latentpatient.Age_0_4_LatentPatient_NumDataSource</dsClassName>
      </repast.simphony.data2.engine.CustomDataSourceDefinition>
    </entry>
    <entry>
      <string>Age_5_9_LatentPatient_Num</string>
      <repast.simphony.data2.engine.CustomDataSourceDefinition>
        <id>Age_5_9_LatentPatient_Num</id>
        <dsClassName>age.data.source.latentpatient.Age_5_9_LatentPatient_NumDataSource</dsClassName>
      </repast.simphony.data2.engine.CustomDataSourceDefinition>
    </entry>
    <entry>
      <string>Age_10_14_LatentPatient_Num</string>
      <repast.simphony.data2.engine.CustomDataSourceDefinition>
        <id>Age_10_14_LatentPatient_Num</id>
        <dsClassName>age.data.source.latentpatient.Age_10_14_LatentPatient_NumDataSource</dsClassName>
      </repast.simphony.data2.engine.CustomDataSourceDefinition>
    </entry>
    <entry>
      <string>Age_15_19_LatentPatient_Num</string>
      <repast.simphony.data2.engine.CustomDataSourceDefinition>
        <id>Age_15_19_LatentPatient_Num</id>
        <dsClassName>age.data.source.latentpatient.Age_15_19_LatentPatient_NumDataSource</dsClassName>
      </repast.simphony.data2.engine.CustomDataSourceDefinition>
    </entry>
    <entry>
      <string>Age_20_24_LatentPatient_Num</string>
      <repast.simphony.data2.engine.CustomDataSourceDefinition>
        <id>Age_20_24_LatentPatient_Num</id>
        <dsClassName>age.data.source.latentpatient.Age_20_24_LatentPatient_NumDataSource</dsClassName>
      </repast.simphony.data2.engine.CustomDataSourceDefinition>
    </entry>
    <entry>
      <string>Age_25_29_LatentPatient_Num</string>
      <repast.simphony.data2.engine.CustomDataSourceDefinition>
        <id>Age_25_29_LatentPatient_Num</id>
        <dsClassName>age.data.source.latentpatient.Age_25_29_LatentPatient_NumDataSource</dsClassName>
      </repast.simphony.data2.engine.CustomDataSourceDefinition>
    </entry>
    <entry>
      <string>Age_30_34_LatentPatient_Num</string>
      <repast.simphony.data2.engine.CustomDataSourceDefinition>
        <id>Age_30_34_LatentPatient_Num</id>
        <dsClassName>age.data.source.latentpatient.Age_30_34_LatentPatient_NumDataSource</dsClassName>
      </repast.simphony.data2.engine.CustomDataSourceDefinition>
    </entry>
    <entry>
      <string>Age_35_39_LatentPatient_Num</string>
      <repast.simphony.data2.engine.CustomDataSourceDefinition>
        <id>Age_35_39_LatentPatient_Num</id>
        <dsClassName>age.data.source.latentpatient.Age_35_39_LatentPatient_NumDataSource</dsClassName>
      </repast.simphony.data2.engine.CustomDataSourceDefinition>
    </entry>
    <entry>
      <string>Age_40_44_LatentPatient_Num</string>
      <repast.simphony.data2.engine.CustomDataSourceDefinition>
        <id>Age_40_44_LatentPatient_Num</id>
        <dsClassName>age.data.source.latentpatient.Age_40_44_LatentPatient_NumDataSource</dsClassName>
      </repast.simphony.data2.engine.CustomDataSourceDefinition>
    </entry>
    <entry>
      <string>Age_45_49_LatentPatient_Num</string>
      <repast.simphony.data2.engine.CustomDataSourceDefinition>
        <id>Age_45_49_LatentPatient_Num</id>
        <dsClassName>age.data.source.latentpatient.Age_45_49_LatentPatient_NumDataSource</dsClassName>
      </repast.simphony.data2.engine.CustomDataSourceDefinition>
    </entry>
    <entry>
      <string>Age_50_54_LatentPatient_Num</string>
      <repast.simphony.data2.engine.CustomDataSourceDefinition>
        <id>Age_50_54_LatentPatient_Num</id>
        <dsClassName>age.data.source.latentpatient.Age_50_54_LatentPatient_NumDataSource</dsClassName>
      </repast.simphony.data2.engine.CustomDataSourceDefinition>
    </entry>
    <entry>
      <string>Age_55_59_LatentPatient_Num</string>
      <repast.simphony.data2.engine.CustomDataSourceDefinition>
        <id>Age_55_59_LatentPatient_Num</id>
        <dsClassName>age.data.source.latentpatient.Age_55_59_LatentPatient_NumDataSource</dsClassName>
      </repast.simphony.data2.engine.CustomDataSourceDefinition>
    </entry>
    <entry>
      <string>Age_60_64_LatentPatient_Num</string>
      <repast.simphony.data2.engine.CustomDataSourceDefinition>
        <id>Age_60_64_LatentPatient_Num</id>
        <dsClassName>age.data.source.latentpatient.Age_60_64_LatentPatient_NumDataSource</dsClassName>
      </repast.simphony.data2.engine.CustomDataSourceDefinition>
    </entry>
    <entry>
      <string>Age_65_69_LatentPatient_Num</string>
      <repast.simphony.data2.engine.CustomDataSourceDefinition>
        <id>Age_65_69_LatentPatient_Num</id>
        <dsClassName>age.data.source.latentpatient.Age_65_69_LatentPatient_NumDataSource</dsClassName>
      </repast.simphony.data2.engine.CustomDataSourceDefinition>
    </entry>
    <entry>
      <string>Age_70_74_LatentPatient_Num</string>
      <repast.simphony.data2.engine.CustomDataSourceDefinition>
        <id>Age_70_74_LatentPatient_Num</id>
        <dsClassName>age.data.source.latentpatient.Age_70_74_LatentPatient_NumDataSource</dsClassName>
      </repast.simphony.data2.engine.CustomDataSourceDefinition>
    </entry>
    <entry>
      <string>Age_75_79_LatentPatient_Num</string>
      <repast.simphony.data2.engine.CustomDataSourceDefinition>
        <id>Age_75_79_LatentPatient_Num</id>
        <dsClassName>age.data.source.latentpatient.Age_75_79_LatentPatient_NumDataSource</dsClassName>
      </repast.simphony.data2.engine.CustomDataSourceDefinition>
    </entry>
    <entry>
      <string>Age_80_84_LatentPatient_Num</string>
      <repast.simphony.data2.engine.CustomDataSourceDefinition>
        <id>Age_80_84_LatentPatient_Num</id>
        <dsClassName>age.data.source.latentpatient.Age_80_84_LatentPatient_NumDataSource</dsClassName>
      </repast.simphony.data2.engine.CustomDataSourceDefinition>
    </entry>
    <entry>
      <string>Age_85_89_LatentPatient_Num</string>
      <repast.simphony.data2.engine.CustomDataSourceDefinition>
        <id>Age_85_89_LatentPatient_Num</id>
        <dsClassName>age.data.source.latentpatient.Age_85_89_LatentPatient_NumDataSource</dsClassName>
      </repast.simphony.data2.engine.CustomDataSourceDefinition>
    </entry>
    <entry>
      <string>Age_90_94_LatentPatient_Num</string>
      <repast.simphony.data2.engine.CustomDataSourceDefinition>
        <id>Age_90_94_LatentPatient_Num</id>
        <dsClassName>age.data.source.latentpatient.Age_90_94_LatentPatient_NumDataSource</dsClassName>
      </repast.simphony.data2.engine.CustomDataSourceDefinition>
    </entry>
    <entry>
      <string>Age_95_100_LatentPatient_Num</string>
      <repast.simphony.data2.engine.CustomDataSourceDefinition>
        <id>Age_95_100_LatentPatient_Num</id>
        <dsClassName>age.data.source.latentpatient.Age_95_100_LatentPatient_NumDataSource</dsClassName>
      </repast.simphony.data2.engine.CustomDataSourceDefinition>
    </entry>
  </customAggDataSources>
</repast.simphony.data2.engine.DataSetDescriptor>