<repast.simphony.visualization.engine.CartesianDisplayDescriptor>
  <name>TaiYuan</name>
  <type>2D</type>
  <styles>
    <entry>
      <string>agent.person.HealthyPerson</string>
      <string>repast.simphony.visualization.editedStyle.EditedStyle2D</string>
    </entry>
    <entry>
      <string>agent.place.Airport</string>
      <string>repast.simphony.visualization.editedStyle.EditedStyle2D</string>
    </entry>
    <entry>
      <string>agent.person.DiagnosisPatient</string>
      <string>repast.simphony.visualization.editedStyle.EditedStyle2D</string>
    </entry>
    <entry>
      <string>agent.place.BusStation</string>
      <string>repast.simphony.visualization.editedStyle.EditedStyle2D</string>
    </entry>
    <entry>
      <string>agent.person.LatentPatient</string>
      <string>repast.simphony.visualization.editedStyle.EditedStyle2D</string>
    </entry>
    <entry>
      <string>agent.place.Hospital</string>
      <string>repast.simphony.visualization.editedStyle.EditedStyle2D</string>
    </entry>
    <entry>
      <string>agent.place.RailwayStation</string>
      <string>repast.simphony.visualization.editedStyle.EditedStyle2D</string>
    </entry>
    <entry>
      <string>agent.utils.Point</string>
      <string>repast.simphony.visualization.editedStyle.EditedStyle2D</string>
    </entry>
    <entry>
      <string>agent.place.College</string>
      <string>repast.simphony.visualization.editedStyle.EditedStyle2D</string>
    </entry>
    <entry>
      <string>agent.person.CloseContact</string>
      <string>repast.simphony.visualization.editedStyle.EditedStyle2D</string>
    </entry>
    <entry>
      <string>agent.person.MedicalObserver</string>
      <string>repast.simphony.visualization.editedStyle.EditedStyle2D</string>
    </entry>
    <entry>
      <string>agent.person.QuarantinedPatient</string>
      <string>repast.simphony.visualization.editedStyle.EditedStyle2D</string>
    </entry>
    <entry>
      <string>agent.place.BusinessDistrict</string>
      <string>repast.simphony.visualization.editedStyle.EditedStyle2D</string>
    </entry>
    <entry>
      <string>agent.person.CollegeStudent</string>
      <string>repast.simphony.visualization.editedStyle.EditedStyle2D</string>
    </entry>
  </styles>
  <editedStyles>
    <entry>
      <string>agent.person.HealthyPerson</string>
      <string>agent.person.HealthyPerson.style_4.xml</string>
    </entry>
    <entry>
      <string>agent.place.Airport</string>
      <string>agent.place.Airport.style_0.xml</string>
    </entry>
    <entry>
      <string>agent.person.DiagnosisPatient</string>
      <string>agent.person.DiagnosisPatient.style_0.xml</string>
    </entry>
    <entry>
      <string>agent.place.BusStation</string>
      <string>agent.place.BusStation.style_0.xml</string>
    </entry>
    <entry>
      <string>agent.person.LatentPatient</string>
      <string>agent.person.LatentPatient.style_0.xml</string>
    </entry>
    <entry>
      <string>agent.place.Hospital</string>
      <string>agent.place.Hospital.style_2.xml</string>
    </entry>
    <entry>
      <string>agent.place.RailwayStation</string>
      <string>agent.place.RailwayStation.style_0.xml</string>
    </entry>
    <entry>
      <string>agent.utils.Point</string>
      <string>agent.utils.Point.style_0.xml</string>
    </entry>
    <entry>
      <string>agent.place.College</string>
      <string>agent.place.College.style_0.xml</string>
    </entry>
    <entry>
      <string>agent.person.CloseContact</string>
      <string>agent.person.CloseContact.style_0.xml</string>
    </entry>
    <entry>
      <string>agent.person.QuarantinedPatient</string>
      <string>agent.person.QuarantinedPatient.style_0.xml</string>
    </entry>
    <entry>
      <string>agent.place.BusinessDistrict</string>
      <string>agent.place.BusinessDistrict.style_0.xml</string>
    </entry>
    <entry>
      <string>agent.person.CollegeStudent</string>
      <string>agent.person.CollegeStudent.style_0.xml</string>
    </entry>
    <entry>
      <string>agent.person.MedicalObserver</string>
      <string>agent.person.MedicalObserver.style_0.xml</string>
    </entry>
  </editedStyles>
  <netStyles/>
  <editedNetStyles/>
  <frequency>ON_MOVE</frequency>
  <schedParams>
    <start>1.0</start>
    <interval>1.0</interval>
    <priority>-Infinity</priority>
    <pType>LAST</pType>
    <duration>-1.0</duration>
    <frequency>REPEAT</frequency>
    <hashCode>1202779371</hashCode>
  </schedParams>
  <layoutClassName>foo.bar.baz</layoutClassName>
  <layoutProjection>grid</layoutProjection>
  <layoutInterval>0</layoutInterval>
  <layerOrder>
    <entry>
      <string>agent.person.HealthyPerson</string>
      <int>13</int>
    </entry>
    <entry>
      <string>agent.place.Airport</string>
      <int>1</int>
    </entry>
    <entry>
      <string>agent.person.DiagnosisPatient</string>
      <int>9</int>
    </entry>
    <entry>
      <string>agent.place.BusStation</string>
      <int>3</int>
    </entry>
    <entry>
      <string>agent.person.LatentPatient</string>
      <int>8</int>
    </entry>
    <entry>
      <string>agent.place.Hospital</string>
      <int>7</int>
    </entry>
    <entry>
      <string>agent.place.RailwayStation</string>
      <int>2</int>
    </entry>
    <entry>
      <string>agent.utils.Point</string>
      <int>0</int>
    </entry>
    <entry>
      <string>agent.place.College</string>
      <int>5</int>
    </entry>
    <entry>
      <string>agent.person.CloseContact</string>
      <int>11</int>
    </entry>
     <entry>
      <string>agent.person.MedicalObserver</string>
      <int>12</int>
    </entry>
    <entry>
      <string>agent.person.QuarantinedPatient</string>
      <int>10</int>
    </entry>
    <entry>
      <string>agent.place.BusinessDistrict</string>
      <int>4</int>
    </entry>
    <entry>
      <string>agent.person.CollegeStudent</string>
      <int>6</int>
    </entry>
  </layerOrder>
  <projections>
    <repast.simphony.scenario.data.ProjectionData>
      <id>space</id>
      <attributes/>
      <type>continuous space</type>
    </repast.simphony.scenario.data.ProjectionData>
    <repast.simphony.scenario.data.ProjectionData>
      <id>grid</id>
      <attributes/>
      <type>grid</type>
    </repast.simphony.scenario.data.ProjectionData>
  </projections>
  <visualizationProperties class="repast.simphony.visualization.UnitSizeLayoutProperties">
    <unitSize>1.0</unitSize>
  </visualizationProperties>
  <projectionDescriptors>
    <entry>
      <string>grid</string>
      <repast.simphony.visualization.grid.GridProjectionDescriptor>
        <proj reference="../../../../projections/repast.simphony.scenario.data.ProjectionData[2]"/>
        <props>
          <entry>
            <string>repast.simphony.visualization.grid.GridDecorator</string>
            <map>
              <entry>
                <string>COLOR</string>
                <int>-16777216</int>
              </entry>
              <entry>
                <string>UNIT_SIZE</string>
                <float>1.0</float>
              </entry>
              <entry>
                <string>SHOW</string>
                <boolean>false</boolean>
              </entry>
            </map>
          </entry>
        </props>
      </repast.simphony.visualization.grid.GridProjectionDescriptor>
    </entry>
    <entry>
      <string>space</string>
      <repast.simphony.visualization.continuous.ContinuousProjectionDescriptor>
        <proj reference="../../../../projections/repast.simphony.scenario.data.ProjectionData"/>
        <props>
          <entry>
            <string>repast.simphony.visualization.continuous.ContinuousDecorator</string>
            <map>
              <entry>
                <string>COLOR</string>
                <int>-1</int>
              </entry>
              <entry>
                <string>UNIT_SIZE</string>
                <float>1.0</float>
              </entry>
              <entry>
                <string>SHOW</string>
                <boolean>false</boolean>
              </entry>
            </map>
          </entry>
        </props>
      </repast.simphony.visualization.continuous.ContinuousProjectionDescriptor>
    </entry>
  </projectionDescriptors>
  <props/>
  <backgroundColor>
    <red>255</red>
    <green>255</green>
    <blue>255</blue>
    <alpha>255</alpha>
  </backgroundColor>
  <valueLayerStyleName>styles.StreetDiagramStyle</valueLayerStyleName>
  <valueLayers>
    <string>TYM</string>
  </valueLayers>
</repast.simphony.visualization.engine.CartesianDisplayDescriptor>