<repast.simphony.chart2.engine.TimeSeriesChartDescriptor>
  <name>Temperature</name>
  <dataSet>Temperature</dataSet>
  <xAxisLabel>Day</xAxisLabel>
  <yAxisLabel>Num</yAxisLabel>
  <chartTitle>Confirmed Count By Temperature</chartTitle>
  <type>TIME_SERIES</type>
  <background>
    <red>204</red>
    <green>204</green>
    <blue>255</blue>
    <alpha>255</alpha>
  </background>
  <gridLineColor>
    <red>0</red>
    <green>0</green>
    <blue>0</blue>
    <alpha>255</alpha>
  </gridLineColor>
  <showGrid>true</showGrid>
  <showLegend>true</showLegend>
  <seriesIds>
    <entry>
      <string>JulyNum</string>
      <SeriesData>
        <label>JulyNum</label>
        <color>
          <red>139</red>
          <green>0</green>
          <blue>0</blue>
          <alpha>255</alpha>
        </color>
      </SeriesData>
    </entry>
    <entry>
      <string>MarchNum</string>
      <SeriesData>
        <label>MarchNum</label>
        <color>
          <red>205</red>
          <green>92</green>
          <blue>92</blue>
          <alpha>255</alpha>
        </color>
      </SeriesData>
    </entry>
    <entry>
      <string>SeptemberNum</string>
      <SeriesData>
        <label>SeptemberNum</label>
        <color>
          <red>0</red>
          <green>139</green>
          <blue>139</blue>
          <alpha>255</alpha>
        </color>
      </SeriesData>
    </entry>
    <entry>
      <string>MayNum</string>
      <SeriesData>
        <label>MayNum</label>
        <color>
          <red>67</red>
          <green>110</green>
          <blue>238</blue>
          <alpha>255</alpha>
        </color>
      </SeriesData>
    </entry>
    <entry>
      <string>JuneNum</string>
      <SeriesData>
        <label>JuneNum</label>
        <color>
          <red>144</red>
          <green>238</green>
          <blue>144</blue>
          <alpha>255</alpha>
        </color>
      </SeriesData>
    </entry>
    <entry>
      <string>AprilNum</string>
      <SeriesData>
        <label>AprilNum</label>
        <color>
          <red>122</red>
          <green>203</green>
          <blue>138</blue>
          <alpha>255</alpha>
        </color>
      </SeriesData>
    </entry>
    <entry>
      <string>OctoberNum</string>
      <SeriesData>
        <label>OctoberNum</label>
        <color>
          <red>139</red>
          <green>0</green>
          <blue>139</blue>
          <alpha>255</alpha>
        </color>
      </SeriesData>
    </entry>
    <entry>
      <string>NovemberNum</string>
      <SeriesData>
        <label>NovemberNum</label>
        <color>
          <red>238</red>
          <green>64</green>
          <blue>0</blue>
          <alpha>255</alpha>
        </color>
      </SeriesData>
    </entry>
    <entry>
      <string>JanuaryNum</string>
      <SeriesData>
        <label>JanuaryNum</label>
        <color>
          <red>0</red>
          <green>0</green>
          <blue>255</blue>
          <alpha>255</alpha>
        </color>
      </SeriesData>
    </entry>
    <entry>
      <string>FebruaryNum</string>
      <SeriesData>
        <label>FebruaryNum</label>
        <color>
          <red>124</red>
          <green>252</green>
          <blue>0</blue>
          <alpha>255</alpha>
        </color>
      </SeriesData>
    </entry>
    <entry>
      <string>DecemberNum</string>
      <SeriesData>
        <label>DecemberNum</label>
        <color>
          <red>255</red>
          <green>245</green>
          <blue>238</blue>
          <alpha>255</alpha>
        </color>
      </SeriesData>
    </entry>
    <entry>
      <string>AugustNum</string>
      <SeriesData>
        <label>AugustNum</label>
        <color>
          <red>0</red>
          <green>0</green>
          <blue>139</blue>
          <alpha>255</alpha>
        </color>
      </SeriesData>
    </entry>
  </seriesIds>
  <dataValueIds/>
  <plotRangeLength>-1</plotRangeLength>
</repast.simphony.chart2.engine.TimeSeriesChartDescriptor>