<repast.simphony.chart2.engine.TimeSeriesChartDescriptor>
  <name>ShadowCount</name>
  <dataSet>ShadowCount</dataSet>
  <xAxisLabel>Day</xAxisLabel>
  <yAxisLabel>Num</yAxisLabel>
  <chartTitle>ShadowCount</chartTitle>
  <type>TIME_SERIES</type>
  <background>
    <red>102</red>
    <green>204</green>
    <blue>204</blue>
    <alpha>255</alpha>
  </background>
  <gridLineColor>
    <red>255</red>
    <green>255</green>
    <blue>255</blue>
    <alpha>255</alpha>
  </gridLineColor>
  <showGrid>true</showGrid>
  <showLegend>true</showLegend>
  <seriesIds>
    <entry>
      <string>Age_5_9_LatentPatient_Num</string>
      <SeriesData>
        <label>Age_5_9_LatentPatient_Num</label>
        <color>
          <red>205</red>
          <green>92</green>
          <blue>92</blue>
          <alpha>255</alpha>
        </color>
      </SeriesData>
    </entry>
    <entry>
      <string>Age_60_64_LatentPatient_Num</string>
      <SeriesData>
        <label>Age_60_64_LatentPatient_Num</label>
        <color>
          <red>238</red>
          <green>149</green>
          <blue>114</blue>
          <alpha>255</alpha>
        </color>
      </SeriesData>
    </entry>
    <entry>
      <string>Age_25_29_LatentPatient_Num</string>
      <SeriesData>
        <label>Age_25_29_LatentPatient_Num</label>
        <color>
          <red>139</red>
          <green>0</green>
          <blue>0</blue>
          <alpha>255</alpha>
        </color>
      </SeriesData>
    </entry>
    <entry>
      <string>Age_55_59_LatentPatient_Num</string>
      <SeriesData>
        <label>Age_55_59_LatentPatient_Num</label>
        <color>
          <red>238</red>
          <green>154</green>
          <blue>0</blue>
          <alpha>255</alpha>
        </color>
      </SeriesData>
    </entry>
    <entry>
      <string>Age_10_14_LatentPatient_Num</string>
      <SeriesData>
        <label>Age_10_14_LatentPatient_Num</label>
        <color>
          <red>122</red>
          <green>203</green>
          <blue>138</blue>
          <alpha>255</alpha>
        </color>
      </SeriesData>
    </entry>
    <entry>
      <string>Age_45_49_LatentPatient_Num</string>
      <SeriesData>
        <label>Age_45_49_LatentPatient_Num</label>
        <color>
          <red>238</red>
          <green>64</green>
          <blue>0</blue>
          <alpha>255</alpha>
        </color>
      </SeriesData>
    </entry>
    <entry>
      <string>Age_75_79_LatentPatient_Num</string>
      <SeriesData>
        <label>Age_75_79_LatentPatient_Num</label>
        <color>
          <red>238</red>
          <green>180</green>
          <blue>180</blue>
          <alpha>255</alpha>
        </color>
      </SeriesData>
    </entry>
    <entry>
      <string>Age_30_34_LatentPatient_Num</string>
      <SeriesData>
        <label>Age_30_34_LatentPatient_Num</label>
        <color>
          <red>0</red>
          <green>0</green>
          <blue>139</blue>
          <alpha>255</alpha>
        </color>
      </SeriesData>
    </entry>
    <entry>
      <string>Age_80_84_LatentPatient_Num</string>
      <SeriesData>
        <label>Age_80_84_LatentPatient_Num</label>
        <color>
          <red>127</red>
          <green>255</green>
          <blue>212</blue>
          <alpha>255</alpha>
        </color>
      </SeriesData>
    </entry>
    <entry>
      <string>Age_15_19_LatentPatient_Num</string>
      <SeriesData>
        <label>Age_15_19_LatentPatient_Num</label>
        <color>
          <red>67</red>
          <green>110</green>
          <blue>238</blue>
          <alpha>255</alpha>
        </color>
      </SeriesData>
    </entry>
    <entry>
      <string>Age_65_69_LatentPatient_Num</string>
      <SeriesData>
        <label>Age_65_69_LatentPatient_Num</label>
        <color>
          <red>238</red>
          <green>59</green>
          <blue>59</blue>
          <alpha>255</alpha>
        </color>
      </SeriesData>
    </entry>
    <entry>
      <string>Age_20_24_LatentPatient_Num</string>
      <SeriesData>
        <label>Age_20_24_LatentPatient_Num</label>
        <color>
          <red>144</red>
          <green>238</green>
          <blue>144</blue>
          <alpha>255</alpha>
        </color>
      </SeriesData>
    </entry>
    <entry>
      <string>Age_95_100_LatentPatient_Num</string>
      <SeriesData>
        <label>Age_95_100_LatentPatient_Num</label>
        <color>
          <red>255</red>
          <green>240</green>
          <blue>245</blue>
          <alpha>255</alpha>
        </color>
      </SeriesData>
    </entry>
    <entry>
      <string>Age_50_54_LatentPatient_Num</string>
      <SeriesData>
        <label>Age_50_54_LatentPatient_Num</label>
        <color>
          <red>255</red>
          <green>245</green>
          <blue>238</blue>
          <alpha>255</alpha>
        </color>
      </SeriesData>
    </entry>
    <entry>
      <string>Age_85_89_LatentPatient_Num</string>
      <SeriesData>
        <label>Age_85_89_LatentPatient_Num</label>
        <color>
          <red>99</red>
          <green>184</green>
          <blue>255</blue>
          <alpha>255</alpha>
        </color>
      </SeriesData>
    </entry>
    <entry>
      <string>Age_0_4_LatentPatient_Num</string>
      <SeriesData>
        <label>Age_0_4_LatentPatient_Num</label>
        <color>
          <red>124</red>
          <green>252</green>
          <blue>0</blue>
          <alpha>255</alpha>
        </color>
      </SeriesData>
    </entry>
    <entry>
      <string>Age_40_44_LatentPatient_Num</string>
      <SeriesData>
        <label>Age_40_44_LatentPatient_Num</label>
        <color>
          <red>139</red>
          <green>0</green>
          <blue>139</blue>
          <alpha>255</alpha>
        </color>
      </SeriesData>
    </entry>
    <entry>
      <string>Age_90_94_LatentPatient_Num</string>
      <SeriesData>
        <label>Age_90_94_LatentPatient_Num</label>
        <color>
          <red>47</red>
          <green>79</green>
          <blue>79</blue>
          <alpha>255</alpha>
        </color>
      </SeriesData>
    </entry>
    <entry>
      <string>Age_70_74_LatentPatient_Num</string>
      <SeriesData>
        <label>Age_70_74_LatentPatient_Num</label>
        <color>
          <red>205</red>
          <green>186</green>
          <blue>150</blue>
          <alpha>255</alpha>
        </color>
      </SeriesData>
    </entry>
    <entry>
      <string>Age_35_39_LatentPatient_Num</string>
      <SeriesData>
        <label>Age_35_39_LatentPatient_Num</label>
        <color>
          <red>0</red>
          <green>139</green>
          <blue>139</blue>
          <alpha>255</alpha>
        </color>
      </SeriesData>
    </entry>
  </seriesIds>
  <dataValueIds/>
  <plotRangeLength>-1</plotRangeLength>
</repast.simphony.chart2.engine.TimeSeriesChartDescriptor>