<repast.simphony.data2.engine.DataSetDescriptor>
  <name>FreezeCount</name>
  <type>AGGREGATE</type>
  <inclTick>true</inclTick>
  <inclBatchRun>false</inclBatchRun>
  <inclRandomSeed>false</inclRandomSeed>
  <scheduleParams>
    <start>1.0</start>
    <interval>1.0</interval>
    <priority>-Infinity</priority>
    <pType>LAST</pType>
    <duration>-1.0</duration>
    <frequency>REPEAT</frequency>
    <hashCode>-33001519</hashCode>
  </scheduleParams>
  <atEnd>false</atEnd>
  <methodDataSources class="linked-hash-map"/>
  <countSources class="linked-hash-map"/>
  <customNADataSources class="linked-hash-map"/>
  <customAggDataSources class="linked-hash-map">
    <entry>
      <string>Age_0_4_QuarantinedPatient_Num</string>
      <repast.simphony.data2.engine.CustomDataSourceDefinition>
        <id>Age_0_4_QuarantinedPatient_Num</id>
        <dsClassName>age.data.source.quarantinedpatient.Age_0_4_QuarantinedPatient_NumDataSource</dsClassName>
      </repast.simphony.data2.engine.CustomDataSourceDefinition>
    </entry>
    <entry>
      <string>Age_5_9_QuarantinedPatient_Num</string>
      <repast.simphony.data2.engine.CustomDataSourceDefinition>
        <id>Age_5_9_QuarantinedPatient_Num</id>
        <dsClassName>age.data.source.quarantinedpatient.Age_5_9_QuarantinedPatient_NumDataSource</dsClassName>
      </repast.simphony.data2.engine.CustomDataSourceDefinition>
    </entry>
    <entry>
      <string>Age_10_14_QuarantinedPatient_Num</string>
      <repast.simphony.data2.engine.CustomDataSourceDefinition>
        <id>Age_10_14_QuarantinedPatient_Num</id>
        <dsClassName>age.data.source.quarantinedpatient.Age_10_14_QuarantinedPatient_NumDataSource</dsClassName>
      </repast.simphony.data2.engine.CustomDataSourceDefinition>
    </entry>
    <entry>
      <string>Age_15_19_QuarantinedPatient_Num</string>
      <repast.simphony.data2.engine.CustomDataSourceDefinition>
        <id>Age_15_19_QuarantinedPatient_Num</id>
        <dsClassName>age.data.source.quarantinedpatient.Age_15_19_QuarantinedPatient_NumDataSource</dsClassName>
      </repast.simphony.data2.engine.CustomDataSourceDefinition>
    </entry>
    <entry>
      <string>Age_20_24_QuarantinedPatient_Num</string>
      <repast.simphony.data2.engine.CustomDataSourceDefinition>
        <id>Age_20_24_QuarantinedPatient_Num</id>
        <dsClassName>age.data.source.quarantinedpatient.Age_20_24_QuarantinedPatient_NumDataSource</dsClassName>
      </repast.simphony.data2.engine.CustomDataSourceDefinition>
    </entry>
    <entry>
      <string>Age_25_29_QuarantinedPatient_Num</string>
      <repast.simphony.data2.engine.CustomDataSourceDefinition>
        <id>Age_25_29_QuarantinedPatient_Num</id>
        <dsClassName>age.data.source.quarantinedpatient.Age_25_29_QuarantinedPatient_NumDataSource</dsClassName>
      </repast.simphony.data2.engine.CustomDataSourceDefinition>
    </entry>
    <entry>
      <string>Age_30_34_QuarantinedPatient_Num</string>
      <repast.simphony.data2.engine.CustomDataSourceDefinition>
        <id>Age_30_34_QuarantinedPatient_Num</id>
        <dsClassName>age.data.source.quarantinedpatient.Age_30_34_QuarantinedPatient_NumDataSource</dsClassName>
      </repast.simphony.data2.engine.CustomDataSourceDefinition>
    </entry>
    <entry>
      <string>Age_35_39_QuarantinedPatient_Num</string>
      <repast.simphony.data2.engine.CustomDataSourceDefinition>
        <id>Age_35_39_QuarantinedPatient_Num</id>
        <dsClassName>age.data.source.quarantinedpatient.Age_35_39_QuarantinedPatient_NumDataSource</dsClassName>
      </repast.simphony.data2.engine.CustomDataSourceDefinition>
    </entry>
    <entry>
      <string>Age_40_44_QuarantinedPatient_Num</string>
      <repast.simphony.data2.engine.CustomDataSourceDefinition>
        <id>Age_40_44_QuarantinedPatient_Num</id>
        <dsClassName>age.data.source.quarantinedpatient.Age_40_44_QuarantinedPatient_NumDataSource</dsClassName>
      </repast.simphony.data2.engine.CustomDataSourceDefinition>
    </entry>
    <entry>
      <string>Age_45_49_QuarantinedPatient_Num</string>
      <repast.simphony.data2.engine.CustomDataSourceDefinition>
        <id>Age_45_49_QuarantinedPatient_Num</id>
        <dsClassName>age.data.source.quarantinedpatient.Age_45_49_QuarantinedPatient_NumDataSource</dsClassName>
      </repast.simphony.data2.engine.CustomDataSourceDefinition>
    </entry>
    <entry>
      <string>Age_50_54_QuarantinedPatient_Num</string>
      <repast.simphony.data2.engine.CustomDataSourceDefinition>
        <id>Age_50_54_QuarantinedPatient_Num</id>
        <dsClassName>age.data.source.quarantinedpatient.Age_50_54_QuarantinedPatient_NumDataSource</dsClassName>
      </repast.simphony.data2.engine.CustomDataSourceDefinition>
    </entry>
    <entry>
      <string>Age_55_59_QuarantinedPatient_Num</string>
      <repast.simphony.data2.engine.CustomDataSourceDefinition>
        <id>Age_55_59_QuarantinedPatient_Num</id>
        <dsClassName>age.data.source.quarantinedpatient.Age_55_59_QuarantinedPatient_NumDataSource</dsClassName>
      </repast.simphony.data2.engine.CustomDataSourceDefinition>
    </entry>
    <entry>
      <string>Age_60_64_QuarantinedPatient_Num</string>
      <repast.simphony.data2.engine.CustomDataSourceDefinition>
        <id>Age_60_64_QuarantinedPatient_Num</id>
        <dsClassName>age.data.source.quarantinedpatient.Age_60_64_QuarantinedPatient_NumDataSource</dsClassName>
      </repast.simphony.data2.engine.CustomDataSourceDefinition>
    </entry>
    <entry>
      <string>Age_65_69_QuarantinedPatient_Num</string>
      <repast.simphony.data2.engine.CustomDataSourceDefinition>
        <id>Age_65_69_QuarantinedPatient_Num</id>
        <dsClassName>age.data.source.quarantinedpatient.Age_65_69_QuarantinedPatient_NumDataSource</dsClassName>
      </repast.simphony.data2.engine.CustomDataSourceDefinition>
    </entry>
    <entry>
      <string>Age_70_74_QuarantinedPatient_Num</string>
      <repast.simphony.data2.engine.CustomDataSourceDefinition>
        <id>Age_70_74_QuarantinedPatient_Num</id>
        <dsClassName>age.data.source.quarantinedpatient.Age_70_74_QuarantinedPatient_NumDataSource</dsClassName>
      </repast.simphony.data2.engine.CustomDataSourceDefinition>
    </entry>
    <entry>
      <string>Age_75_79_QuarantinedPatient_Num</string>
      <repast.simphony.data2.engine.CustomDataSourceDefinition>
        <id>Age_75_79_QuarantinedPatient_Num</id>
        <dsClassName>age.data.source.quarantinedpatient.Age_75_79_QuarantinedPatient_NumDataSource</dsClassName>
      </repast.simphony.data2.engine.CustomDataSourceDefinition>
    </entry>
    <entry>
      <string>Age_80_84_QuarantinedPatient_Num</string>
      <repast.simphony.data2.engine.CustomDataSourceDefinition>
        <id>Age_80_84_QuarantinedPatient_Num</id>
        <dsClassName>age.data.source.quarantinedpatient.Age_80_84_QuarantinedPatient_NumDataSource</dsClassName>
      </repast.simphony.data2.engine.CustomDataSourceDefinition>
    </entry>
    <entry>
      <string>Age_85_89_QuarantinedPatient_Num</string>
      <repast.simphony.data2.engine.CustomDataSourceDefinition>
        <id>Age_85_89_QuarantinedPatient_Num</id>
        <dsClassName>age.data.source.quarantinedpatient.Age_85_89_QuarantinedPatient_NumDataSource</dsClassName>
      </repast.simphony.data2.engine.CustomDataSourceDefinition>
    </entry>
    <entry>
      <string>Age_90_94_QuarantinedPatient_Num</string>
      <repast.simphony.data2.engine.CustomDataSourceDefinition>
        <id>Age_90_94_QuarantinedPatient_Num</id>
        <dsClassName>age.data.source.quarantinedpatient.Age_90_94_QuarantinedPatient_NumDataSource</dsClassName>
      </repast.simphony.data2.engine.CustomDataSourceDefinition>
    </entry>
    <entry>
      <string>Age_95_100_QuarantinedPatient_Num</string>
      <repast.simphony.data2.engine.CustomDataSourceDefinition>
        <id>Age_95_100_QuarantinedPatient_Num</id>
        <dsClassName>age.data.source.quarantinedpatient.Age_95_100_QuarantinedPatient_NumDataSource</dsClassName>
      </repast.simphony.data2.engine.CustomDataSourceDefinition>
    </entry>
  </customAggDataSources>
</repast.simphony.data2.engine.DataSetDescriptor>