<repast.simphony.chart2.engine.TimeSeriesChartDescriptor>
  <name>HumanNum</name>
  <dataSet>HumanNum</dataSet>
  <xAxisLabel>day</xAxisLabel>
  <yAxisLabel>Number</yAxisLabel>
  <chartTitle>HumanNum</chartTitle>
  <type>TIME_SERIES</type>
  <background>
    <red>204</red>
    <green>255</green>
    <blue>255</blue>
    <alpha>255</alpha>
  </background>
  <gridLineColor>
    <red>0</red>
    <green>0</green>
    <blue>0</blue>
    <alpha>255</alpha>
  </gridLineColor>
  <showGrid>true</showGrid>
  <showLegend>true</showLegend>
  <seriesIds>
    <entry>
      <string>CONTACT_Num</string>
      <SeriesData>
        <label>CONTACT_Num</label>
        <color>
          <red>238</red>
          <green>118</green>
          <blue>0</blue>
          <alpha>255</alpha>
        </color>
      </SeriesData>
    </entry>
    <entry>
      <string>CURED_Num</string>
      <SeriesData>
        <label>CURED_Num</label>
        <color>
          <red>51</red>
          <green>255</green>
          <blue>0</blue>
          <alpha>255</alpha>
        </color>
      </SeriesData>
    </entry>
    <entry>
      <string>FREEZE_Num</string>
      <SeriesData>
        <label>FREEZE_Num</label>
        <color>
          <red>255</red>
          <green>255</green>
          <blue>0</blue>
          <alpha>255</alpha>
        </color>
      </SeriesData>
    </entry>
    <entry>
      <string>DEATH_Num</string>
      <SeriesData>
        <label>DEATH_Num</label>
        <color>
          <red>51</red>
          <green>0</green>
          <blue>51</blue>
          <alpha>255</alpha>
        </color>
      </SeriesData>
    </entry>
    <entry>
      <string>SUSPECTED_Num</string>
      <SeriesData>
        <label>SUSPECTED_Num</label>
        <color>
          <red>255</red>
          <green>0</green>
          <blue>0</blue>
          <alpha>255</alpha>
        </color>
      </SeriesData>
    </entry>
    <entry>
      <string>CONFIRMED_Num</string>
      <SeriesData>
        <label>CONFIRMED_Num</label>
        <color>
          <red>255</red>
          <green>0</green>
          <blue>0</blue>
          <alpha>255</alpha>
        </color>
      </SeriesData>
    </entry>
    <entry>
      <string>SHADOW_Num</string>
      <SeriesData>
        <label>SHADOW_Num</label>
        <color>
          <red>255</red>
          <green>0</green>
          <blue>255</blue>
          <alpha>255</alpha>
        </color>
      </SeriesData>
    </entry>
  </seriesIds>
  <dataValueIds/>
  <plotRangeLength>-1</plotRangeLength>
</repast.simphony.chart2.engine.TimeSeriesChartDescriptor>