<repast.simphony.data2.engine.DataSetDescriptor>
  <name>HumanNum</name>
  <type>AGGREGATE</type>
  <inclTick>true</inclTick>
  <inclBatchRun>false</inclBatchRun>
  <inclRandomSeed>false</inclRandomSeed>
  <scheduleParams>
    <start>1.0</start>
    <interval>1.0</interval>
    <priority>-Infinity</priority>
    <pType>LAST</pType>
    <duration>-1.0</duration>
    <frequency>REPEAT</frequency>
    <hashCode>230543164</hashCode>
  </scheduleParams>
  <atEnd>false</atEnd>
  <methodDataSources class="linked-hash-map"/>
  <countSources class="linked-hash-map"/>
  <customNADataSources class="linked-hash-map"/>
  <customAggDataSources class="linked-hash-map">
    <entry>
      <string>NORMAL_Num</string>
      <repast.simphony.data2.engine.CustomDataSourceDefinition>
        <id>NORMAL_Num</id>
        <dsClassName>data.source.NORMAL_NumDataSource</dsClassName>
      </repast.simphony.data2.engine.CustomDataSourceDefinition>
    </entry>
    <entry>
      <string>SUSPECTED_Num</string>
      <repast.simphony.data2.engine.CustomDataSourceDefinition>
        <id>SUSPECTED_Num</id>
        <dsClassName>data.source.SUSPECTED_NumDataSource</dsClassName>
      </repast.simphony.data2.engine.CustomDataSourceDefinition>
    </entry>
    <entry>
      <string>SHADOW_Num</string>
      <repast.simphony.data2.engine.CustomDataSourceDefinition>
        <id>SHADOW_Num</id>
        <dsClassName>data.source.SHADOW_NumDataSource</dsClassName>
      </repast.simphony.data2.engine.CustomDataSourceDefinition>
    </entry>
    <entry>
      <string>CONFIRMED_Num</string>
      <repast.simphony.data2.engine.CustomDataSourceDefinition>
        <id>CONFIRMED_Num</id>
        <dsClassName>data.source.CONFIRMED_NumDataSource</dsClassName>
      </repast.simphony.data2.engine.CustomDataSourceDefinition>
    </entry>
    <entry>
      <string>MILD_Num</string>
      <repast.simphony.data2.engine.CustomDataSourceDefinition>
        <id>MILD_Num</id>
        <dsClassName>data.source.MILD_NumDataSource</dsClassName>
      </repast.simphony.data2.engine.CustomDataSourceDefinition>
    </entry>
    <entry>
      <string>SEVERE_Num</string>
      <repast.simphony.data2.engine.CustomDataSourceDefinition>
        <id>SEVERE_Num</id>
        <dsClassName>data.source.SEVERE_NumDataSource</dsClassName>
      </repast.simphony.data2.engine.CustomDataSourceDefinition>
    </entry>
    <entry>
      <string>DEATH_Num</string>
      <repast.simphony.data2.engine.CustomDataSourceDefinition>
        <id>DEATH_Num</id>
        <dsClassName>data.source.DEATH_NumDataSource</dsClassName>
      </repast.simphony.data2.engine.CustomDataSourceDefinition>
    </entry>
    <entry>
      <string>CURED_Num</string>
      <repast.simphony.data2.engine.CustomDataSourceDefinition>
        <id>CURED_Num</id>
        <dsClassName>data.source.CURED_NumDataSource</dsClassName>
      </repast.simphony.data2.engine.CustomDataSourceDefinition>
    </entry>
    <entry>
      <string>FREEZE_Num</string>
      <repast.simphony.data2.engine.CustomDataSourceDefinition>
        <id>FREEZE_Num</id>
        <dsClassName>data.source.FREEZE_NumDataSource</dsClassName>
      </repast.simphony.data2.engine.CustomDataSourceDefinition>
    </entry>
    <entry>
      <string>CONTACT_Num</string>
      <repast.simphony.data2.engine.CustomDataSourceDefinition>
        <id>CONTACT_Num</id>
        <dsClassName>data.source.CONTACT_NumDataSource</dsClassName>
      </repast.simphony.data2.engine.CustomDataSourceDefinition>
    </entry>
    <entry>
      <string>Student_Num</string>
      <repast.simphony.data2.engine.CustomDataSourceDefinition>
        <id>Student_Num</id>
        <dsClassName>data.source.Student_NumDataSource</dsClassName>
      </repast.simphony.data2.engine.CustomDataSourceDefinition>
    </entry>
  </customAggDataSources>
</repast.simphony.data2.engine.DataSetDescriptor>