<repast.simphony.data2.engine.DataSetDescriptor>
  <name>ConfirmedCount</name>
  <type>AGGREGATE</type>
  <inclTick>true</inclTick>
  <inclBatchRun>false</inclBatchRun>
  <inclRandomSeed>false</inclRandomSeed>
  <scheduleParams>
    <start>1.0</start>
    <interval>1.0</interval>
    <priority>-Infinity</priority>
    <pType>LAST</pType>
    <duration>-1.0</duration>
    <frequency>REPEAT</frequency>
    <hashCode>-33001519</hashCode>
  </scheduleParams>
  <atEnd>false</atEnd>
  <methodDataSources class="linked-hash-map"/>
  <countSources class="linked-hash-map"/>
  <customNADataSources class="linked-hash-map"/>
  <customAggDataSources class="linked-hash-map">
    <entry>
      <string>Age_0_4_Patient_Num</string>
      <repast.simphony.data2.engine.CustomDataSourceDefinition>
        <id>Age_0_4_Patient_Num</id>
        <dsClassName>age.data.source.patient.Age_0_4_Patient_NumDataSource</dsClassName>
      </repast.simphony.data2.engine.CustomDataSourceDefinition>
    </entry>
    <entry>
      <string>Age_5_9_Patient_Num</string>
      <repast.simphony.data2.engine.CustomDataSourceDefinition>
        <id>Age_5_9_Patient_Num</id>
        <dsClassName>age.data.source.patient.Age_5_9_Patient_NumDataSource</dsClassName>
      </repast.simphony.data2.engine.CustomDataSourceDefinition>
    </entry>
    <entry>
      <string>Age_10_14_Patient_Num</string>
      <repast.simphony.data2.engine.CustomDataSourceDefinition>
        <id>Age_10_14_Patient_Num</id>
        <dsClassName>age.data.source.patient.Age_10_14_Patient_NumDataSource</dsClassName>
      </repast.simphony.data2.engine.CustomDataSourceDefinition>
    </entry>
    <entry>
      <string>Age_15_19_Patient_Num</string>
      <repast.simphony.data2.engine.CustomDataSourceDefinition>
        <id>Age_15_19_Patient_Num</id>
        <dsClassName>age.data.source.patient.Age_15_19_Patient_NumDataSource</dsClassName>
      </repast.simphony.data2.engine.CustomDataSourceDefinition>
    </entry>
    <entry>
      <string>Age_20_24_Patient_Num</string>
      <repast.simphony.data2.engine.CustomDataSourceDefinition>
        <id>Age_20_24_Patient_Num</id>
        <dsClassName>age.data.source.patient.Age_20_24_Patient_NumDataSource</dsClassName>
      </repast.simphony.data2.engine.CustomDataSourceDefinition>
    </entry>
    <entry>
      <string>Age_25_29_Patient_Num</string>
      <repast.simphony.data2.engine.CustomDataSourceDefinition>
        <id>Age_25_29_Patient_Num</id>
        <dsClassName>age.data.source.patient.Age_25_29_Patient_NumDataSource</dsClassName>
      </repast.simphony.data2.engine.CustomDataSourceDefinition>
    </entry>
    <entry>
      <string>Age_30_34_Patient_Num</string>
      <repast.simphony.data2.engine.CustomDataSourceDefinition>
        <id>Age_30_34_Patient_Num</id>
        <dsClassName>age.data.source.patient.Age_30_34_Patient_NumDataSource</dsClassName>
      </repast.simphony.data2.engine.CustomDataSourceDefinition>
    </entry>
    <entry>
      <string>Age_35_39_Patient_Num</string>
      <repast.simphony.data2.engine.CustomDataSourceDefinition>
        <id>Age_35_39_Patient_Num</id>
        <dsClassName>age.data.source.patient.Age_35_39_Patient_NumDataSource</dsClassName>
      </repast.simphony.data2.engine.CustomDataSourceDefinition>
    </entry>
    <entry>
      <string>Age_40_44_Patient_Num</string>
      <repast.simphony.data2.engine.CustomDataSourceDefinition>
        <id>Age_40_44_Patient_Num</id>
        <dsClassName>age.data.source.patient.Age_40_44_Patient_NumDataSource</dsClassName>
      </repast.simphony.data2.engine.CustomDataSourceDefinition>
    </entry>
    <entry>
      <string>Age_45_49_Patient_Num</string>
      <repast.simphony.data2.engine.CustomDataSourceDefinition>
        <id>Age_45_49_Patient_Num</id>
        <dsClassName>age.data.source.patient.Age_45_49_Patient_NumDataSource</dsClassName>
      </repast.simphony.data2.engine.CustomDataSourceDefinition>
    </entry>
    <entry>
      <string>Age_50_54_Patient_Num</string>
      <repast.simphony.data2.engine.CustomDataSourceDefinition>
        <id>Age_50_54_Patient_Num</id>
        <dsClassName>age.data.source.patient.Age_50_54_Patient_NumDataSource</dsClassName>
      </repast.simphony.data2.engine.CustomDataSourceDefinition>
    </entry>
    <entry>
      <string>Age_55_59_Patient_Num</string>
      <repast.simphony.data2.engine.CustomDataSourceDefinition>
        <id>Age_55_59_Patient_Num</id>
        <dsClassName>age.data.source.patient.Age_55_59_Patient_NumDataSource</dsClassName>
      </repast.simphony.data2.engine.CustomDataSourceDefinition>
    </entry>
    <entry>
      <string>Age_60_64_Patient_Num</string>
      <repast.simphony.data2.engine.CustomDataSourceDefinition>
        <id>Age_60_64_Patient_Num</id>
        <dsClassName>age.data.source.patient.Age_60_64_Patient_NumDataSource</dsClassName>
      </repast.simphony.data2.engine.CustomDataSourceDefinition>
    </entry>
    <entry>
      <string>Age_65_69_Patient_Num</string>
      <repast.simphony.data2.engine.CustomDataSourceDefinition>
        <id>Age_65_69_Patient_Num</id>
        <dsClassName>age.data.source.patient.Age_65_69_Patient_NumDataSource</dsClassName>
      </repast.simphony.data2.engine.CustomDataSourceDefinition>
    </entry>
    <entry>
      <string>Age_70_74_Patient_Num</string>
      <repast.simphony.data2.engine.CustomDataSourceDefinition>
        <id>Age_70_74_Patient_Num</id>
        <dsClassName>age.data.source.patient.Age_70_74_Patient_NumDataSource</dsClassName>
      </repast.simphony.data2.engine.CustomDataSourceDefinition>
    </entry>
    <entry>
      <string>Age_75_79_Patient_Num</string>
      <repast.simphony.data2.engine.CustomDataSourceDefinition>
        <id>Age_75_79_Patient_Num</id>
        <dsClassName>age.data.source.patient.Age_75_79_Patient_NumDataSource</dsClassName>
      </repast.simphony.data2.engine.CustomDataSourceDefinition>
    </entry>
    <entry>
      <string>Age_80_84_Patient_Num</string>
      <repast.simphony.data2.engine.CustomDataSourceDefinition>
        <id>Age_80_84_Patient_Num</id>
        <dsClassName>age.data.source.patient.Age_80_84_Patient_NumDataSource</dsClassName>
      </repast.simphony.data2.engine.CustomDataSourceDefinition>
    </entry>
    <entry>
      <string>Age_85_89_Patient_Num</string>
      <repast.simphony.data2.engine.CustomDataSourceDefinition>
        <id>Age_85_89_Patient_Num</id>
        <dsClassName>age.data.source.patient.Age_85_89_Patient_NumDataSource</dsClassName>
      </repast.simphony.data2.engine.CustomDataSourceDefinition>
    </entry>
    <entry>
      <string>Age_90_94_Patient_Num</string>
      <repast.simphony.data2.engine.CustomDataSourceDefinition>
        <id>Age_90_94_Patient_Num</id>
        <dsClassName>age.data.source.patient.Age_90_94_Patient_NumDataSource</dsClassName>
      </repast.simphony.data2.engine.CustomDataSourceDefinition>
    </entry>
    <entry>
      <string>Age_95_100_Patient_Num</string>
      <repast.simphony.data2.engine.CustomDataSourceDefinition>
        <id>Age_95_100_Patient_Num</id>
        <dsClassName>age.data.source.patient.Age_95_100_Patient_NumDataSource</dsClassName>
      </repast.simphony.data2.engine.CustomDataSourceDefinition>
    </entry>
  </customAggDataSources>
</repast.simphony.data2.engine.DataSetDescriptor>