<repast.simphony.chart2.engine.TimeSeriesChartDescriptor>
  <name>Hospital_Bed_Num</name>
  <dataSet>Hospital_Bed_Num</dataSet>
  <xAxisLabel>Day</xAxisLabel>
  <yAxisLabel>Num</yAxisLabel>
  <chartTitle>Hospital_Bed_Num</chartTitle>
  <type>TIME_SERIES</type>
  <background>
    <red>0</red>
    <green>153</green>
    <blue>153</blue>
    <alpha>255</alpha>
  </background>
  <gridLineColor>
    <red>255</red>
    <green>255</green>
    <blue>255</blue>
    <alpha>255</alpha>
  </gridLineColor>
  <showGrid>true</showGrid>
  <showLegend>true</showLegend>
  <seriesIds>
    <entry>
      <string>Hospital_Num</string>
      <SeriesData>
        <label>Hospital_Num</label>
        <color>
          <red>0</red>
          <green>255</green>
          <blue>0</blue>
          <alpha>255</alpha>
        </color>
      </SeriesData>
    </entry>
    <entry>
      <string>UnuseBedNum</string>
      <SeriesData>
        <label>UnuseBedNum</label>
        <color>
          <red>255</red>
          <green>255</green>
          <blue>255</blue>
          <alpha>255</alpha>
        </color>
      </SeriesData>
    </entry>
    <entry>
      <string>UseBedNum</string>
      <SeriesData>
        <label>UseBedNum</label>
        <color>
          <red>255</red>
          <green>0</green>
          <blue>0</blue>
          <alpha>255</alpha>
        </color>
      </SeriesData>
    </entry>
  </seriesIds>
  <dataValueIds/>
  <plotRangeLength>-1</plotRangeLength>
</repast.simphony.chart2.engine.TimeSeriesChartDescriptor>