<?xml version="1.0" encoding="UTF-8" ?>
<Scenario>
<repast.simphony.dataLoader.engine.ClassNameDataLoaderAction context="COVID_19" file="repast.simphony.dataLoader.engine.ClassNameDataLoaderAction_0.xml" />
<repast.simphony.action.data_set context="COVID_19" file="repast.simphony.action.data_set_1.xml" />
<repast.simphony.action.data_set context="COVID_19" file="repast.simphony.action.data_set_2.xml" />
<repast.simphony.action.data_set context="COVID_19" file="repast.simphony.action.data_set_3.xml" />
<repast.simphony.action.data_set context="COVID_19" file="repast.simphony.action.data_set_4.xml" />
<repast.simphony.action.data_set context="COVID_19" file="repast.simphony.action.data_set_5.xml" />
<repast.simphony.action.data_set context="COVID_19" file="repast.simphony.action.data_set_6.xml" />
<repast.simphony.action.data_set context="COVID_19" file="repast.simphony.action.data_set_7.xml" />
<repast.simphony.action.data_set context="COVID_19" file="repast.simphony.action.data_set_8.xml" />
<repast.simphony.action.time_series_chart context="COVID_19" file="repast.simphony.action.time_series_chart_9.xml" />
<repast.simphony.action.time_series_chart context="COVID_19" file="repast.simphony.action.time_series_chart_10.xml" />
<repast.simphony.action.time_series_chart context="COVID_19" file="repast.simphony.action.time_series_chart_11.xml" />
<repast.simphony.action.time_series_chart context="COVID_19" file="repast.simphony.action.time_series_chart_12.xml" />
<repast.simphony.action.time_series_chart context="COVID_19" file="repast.simphony.action.time_series_chart_13.xml" />
<repast.simphony.action.time_series_chart context="COVID_19" file="repast.simphony.action.time_series_chart_14.xml" />
<repast.simphony.action.time_series_chart context="COVID_19" file="repast.simphony.action.time_series_chart_15.xml" />
<repast.simphony.action.time_series_chart context="COVID_19" file="repast.simphony.action.time_series_chart_16.xml" />
<repast.simphony.action.display context="COVID_19" file="repast.simphony.action.display_17.xml" />
</Scenario>